"Organização";"Nome";"Descrição";"Tags";"Quantidade Recursos";"Quantidade Reusos";"Quantidade Downloads";"Quantidade Seguidores"
"Agência Nacional do Petróleo, Gás Natural e Biocombustíveis - ANP";"Acervo de Dados Técnicos";"acervo de dados técnicos da ANP, armazenados no BDEP (Banco de Dados de Exploração e Produção), inclui dados de poços, dados sísmicos, dados não sísmicos, levantamentos geoquímicos, estudos de interpretação de dados, além dos respectivos relatórios e arquivos complementares. Informações sobre os dados técnicos cadastrados no acervo podem ser obtidas por meio das tabelas que se seguem, conforme o tipo de dado. Essas informações também são disponibilizadas pelo sistema de mapas GeoANP. Os dados técnicos tornam-se públicos após o final do período de sigilo (confidencialidade), durante o qual têm restrições de acesso. Esse período varia de dois a dez anos, dependendo do tipo de dado. Desde 2019, têm sido publicadas no site da ANP as relações dos dados de poços e sísmicos que se tornaram públicos em cada ano. Por fim, deve ser ressaltado que nesta página apenas informações sobre os dados técnicos são disponibilizadas, não os dados em si. As instruções para acesso aos dados técnicos públicos podem ser obtidas aqui.";"Acervo,Dados Estratégicos,Dados Técnicos,Geoquímicos,Levantamentos Sísmicos Públicos,Levantamentos Sísmicos Públicos 2019 - 2020,Poços Perfurados Públicos,Tabela de Dados Não Sísmicos,Tabela de Dados de Geoquímica,Tabela de Estudos,Tabela de Levantamentos Geoquímicos,Tabela de Poços";"26";"0";"586";"0"
"Agência Nacional do Petróleo, Gás Natural e Biocombustíveis - ANP";"Aditamento de conteúdo local";"Aditamento de contratos de E&amp;P: Resolução ANP n° 726/2018
A Resolução ANP n° 726/2018 permitiu que as empresas que atuam em exploração e produção de petróleo e gás natural optassem por aditar a Cláusula de Conteúdo Local dos contratos vigentes, com efeitos para as fases não encerradas, conforme autorizado pela Resolução CNPE nº 1/2018, que permitiu a adoção de exigências de conteúdo local distintas daquelas vigentes nos contratos já celebrados.
No total, foram atualizados os compromissos de conteúdo local para 266 contratos, alcançando 258 blocos exploratórios e eventuais campos decorrentes, além de 85 campos de produção. A relação completa dos contratos submetidos para aditamento e os dados finais de alcance dos Termos celebrados podem ser visualizados nesta página.  O prazo para as empresas interessadas pedirem aditamento de seus contratos foi encerrado em 10 de agosto de 2018. Veja abaixo o resultado dos processos de aditamento finalizados, discriminados por rodada, bloco ou campo e operadora";"Aditamento,Dados Estratégicos,conteúdo,conteúdo local,local";"2";"0";"32";"0"
"Agência Nacional do Petróleo, Gás Natural e Biocombustíveis - ANP";"Amostras de Rochas e Fluidos";"Amostras são porção de rocha, sedimento ou fluido extraído de poço, da superfície do fundo oceânico ou da superfície terrestre. Os procedimentos para coleta e manejo das amostras nas bacias sedimentares brasileiras estão definidos na Resolução ANP n° 71/2014.  Eis alguns dos tipos de amostras coletadas: testemunhos de sondagem e seus respectivos plugues; amostras de calha; amostras laterais; amostras de fluidos; lâminas delgadas, bioestratigráficas e seções polidas.  Considerando que a ANP ainda não possui uma estrutura definitiva para o recebimento dessas amostras , as empresas responsáveis pela aquisição são suas fiéis depositárias. A ANP realiza o controle dessas amostras por meio de ações de fiscalização e controle documental e de campo, e assegura a aplicação das regras estipuladas para o acesso às amostras públicas.  Anualmente, as empresas e demais instituições que armazenam amostras da União declaram o volume de tais acervos por meio da DAA – Declaração Anual de Acervo. A consolidação dos dados públicos encaminhados pelas DAAs é publicada no site da ANP, conforme estipula o art. 10, § 7º, da Resolução ANP nº 71/2014. A consolidação do acervo é segmentada por tipo de amostra.  O acesso ao acervo de amostras da União é efetuado por meio do formulário de Solicitação de Acesso a Amostras – SAA. Esse acesso está sujeito à estrita recuperação de custos por parte dos depositários dessas amostras. Os valores cobrados pelas depositárias para atendimento das SAAs são publicados anualmente no site da ANP, conforme estipula o art. 64 da Resolução ANP nº 71/2014.";"Amostra,Calha,Dados Estratégicos,Fluidos,Laterais,Lâminas,Plugues,Rochas,Testemunhos";"40";"0";"158";"0"
"Agência Nacional do Petróleo, Gás Natural e Biocombustíveis - ANP";"Anuário Estatístico 2018";"O Anuário Estatístico Brasileiro de Petróleo, Gás Natural e Biocombustíveis 2018 consolida os dados referentes ao desempenho da indústria e do sistema de abastecimento de petróleo, gás natural e biocombustíveis no período de 2008 a 2017.";"Blocos Econômicos,Brent,Consumo de Gás Natural,Consumo de Petróleo,Região Geográfica,Rodada de Licitações,Spot,WTI,capacidade total,gás natural,licitações,petróleo,preço médio,produção de gás natural,produção de petróleo,refino,reservas,reservas provadas";"245";"0";"273";"0"
"Agência Nacional do Petróleo, Gás Natural e Biocombustíveis - ANP";"Anuário Estatístico 2019";"<p>O Anuário Estatístico Brasileiro do Petróleo, Gás Natural e Biocombustíveis 2019 consolida os dados referentes ao desempenho da indústria do petróleo, gás natural e biocombustíveis e do sistema de abastecimento nacionais no período 2009-2018. Estão disponíveis para consulta e download as tabelas integrantes do Anuário 2019 representadas em formato de dados abertos.</p>
";"Blocos Econômicos,Dados Estratégicos,LGN,PRH,Produção de LGN,Programa de Recursos Humanos ANP,bacia sedimentar,biocombustíveis,combustíveis líquidos,corrente de petróleo,derivados de petróleo,distribuidoras,etanol,etanol anidro,etanol hidratado,gás natural,levantamentos geofísicos,mar,petróleo,produção,regiões geográficas,reservas,rodadas de licitações,terra,vendas";"242";"0";"299";"0"
"Agência Nacional do Petróleo, Gás Natural e Biocombustíveis - ANP";"Anuário Estatístico 2020";"O Anuário Estatístico Brasileiro do Petróleo, Gás Natural e Biocombustíveis 2020 consolida os dados referentes ao desempenho da indústria do petróleo, gás natural e biocombustíveis e do sistema de abastecimento nacionais no período 2010-2019. Estão disponíveis para consulta e download as tabelas integrantes do Anuário 2020 representadas em formato de dados abertos.";"16 rodada,Bacias Sedimentares,Blocos Econômicos,Brent,Cessão Onerosa,Ciclo da Oferta Permanente,Concessão de Blocos,GLP,Oferta Permanente,PRH,Partilha de Produção,Por Ciclos,Produção de LGN,Pré-Sal,Regime de Partilha,Reservas provadas de petróleo,Resultado das Rodadas,Rodada de Licitações,Spot,Vendas de QAV,WTI,b100,biocombustíveis,derivados de petróleo,etanol,etanol anidro,etanol hidratado,gasolina A,gnl,gás natural,mar,por blocos,preços médios,produção de petróleo,querosene de aviação,querosene iluminante,regiões geográficas,resultado das licitações,terra,óleo diesel";"246";"0";"317";"0"
"Agência Nacional do Petróleo, Gás Natural e Biocombustíveis - ANP";"Anuário Estatístico 2021";"<p>O Anuário Estatístico Brasileiro do Petróleo, Gás Natural e Biocombustíveis 2021 consolida os dados referentes ao desempenho da indústria do petróleo, gás natural e biocombustíveis e do sistema de abastecimento nacionais no período 2011-2020. Estão disponíveis para consulta e download as tabelas integrantes do Anuário 2021 representadas em formato de dados abertos.</p>
";"2 ciclo,Bacias Sedimentares,Blocos Econômicos,Brent,Ciclo da Oferta Permanente,Concessão de Blocos,Dados Estratégicos,GLP,GNL,Mar,Oferta Permanente,PRH,Partilha de Produção,Por Ciclos,Produção de LGN,Pré-Sal,Regime de Partilha,Reservas provadas de petróleo,Resultado da Licitações,Resultado das Rodadas,Rodada de Licitações,Spot,Vendas de QAV,WTI,b100,biocombustíveis,derivados de petróleo,etanol,etanol anidro,etanol hidratado,gasolina A,gás natural,por blocos,preços médios,produção de petróleo,querosene de aviação,querosene iluminante,regiões geográficas,terra,óleo diesel";"252";"0";"474";"0"
"Agência Nacional do Petróleo, Gás Natural e Biocombustíveis - ANP";"Anuário Estatístico 2022";"O Anuário Estatístico Brasileiro do Petróleo, Gás Natural e Biocombustíveis 2022 consolida os dados referentes ao desempenho da indústria do petróleo, gás natural e biocombustíveis e do sistema de abastecimento nacionais no período 2012-2021. Estão disponíveis para consulta e download as tabelas integrantes do Anuário 2022 representadas em metadados e no formato CSV.
A ANP não divulgará os dados de reservas internacionais provadas de petróleo e gás natural de 2021, porque o BP Statistical Review of World Energy 2022, nossa fonte de dados internacionais, ainda não publicou esses dados. Portanto serão repetidos os dados do Anuário de 2021.";"2 ciclo,Bacias Sedimentares,Blocos Econômicos,Brent,Ciclo da Oferta Permanente,Concessão de Blocos,Dados Estratégicos,GLP,GNL,Mar,Oferta Permanente,PRH,Partilha de Produção,Por Ciclos,Produção de LGN,Pré-Sal,Regime de Partilha,Reservas provadas de petróleo,Resultado da Licitações,Resultado das Rodadas,Rodada de Licitações,Spot,Vendas de QAV,WTI,b100,biocombustíveis,derivados de petróleo,etanol,etanol anidro,etanol hidratado,gasolina A,gás natural,por blocos,preços médios,produção de petróleo,querosene de aviação,querosene iluminante,regiões geográficas,terra,óleo diesel";"256";"0";"701";"0"
"Agência Nacional do Petróleo, Gás Natural e Biocombustíveis - ANP";"Anuário Estatístico 2023";"O Anuário Estatístico Brasileiro do Petróleo, Gás Natural e Biocombustíveis 2023 consolida os dados referentes ao desempenho da indústria do petróleo, gás natural e biocombustíveis e do sistema de abastecimento nacionais no período 2013-2022. Estão disponíveis para consulta e download as tabelas integrantes do Anuário 2023 representadas em metadados e no formato CSV.

A ANP não divulgará os dados de reservas internacionais provadas de petróleo e gás natural de 2021 e 2022, porque o Statistical Review of World Energy 2023, nossa fonte de dados internacionais, não publicou esses dados. Portanto serão repetidos os dados do Anuário de 2022.";"2 ciclo,Bacias Sedimentares,Biocombustíveis,Blocos Econômicos,Brent,Ciclo da Oferta Permanente,Concessão de Blocos,Dados Estratégicos,Etanol,GLP,GNL,Gás Natural,Mar,Oferta Permanente,PRH,Partilha de Produção,Por Ciclos,Produção de LGN,Pré-Sal,Regime de Partilha,Reservas provadas de petróleo,Resultado da Licitações,Resultado das Rodadas,Rodada de Licitações,Spot,Terra,Vendas de QAV,WTI,b100,derivados de petróleo,etanol anidro,etanol hidratado,gasolina A,por blocos,preços médios,produção de petróleo,querosene de aviação,querosene iluminante,regiões geográficas,óleo diesel";"256";"0";"1477";"2"
"Agência Nacional do Petróleo, Gás Natural e Biocombustíveis - ANP";"Anuário Estatístico 2024";"O Anuário Estatístico Brasileiro do Petróleo, Gás Natural e Biocombustíveis 2024 consolida os dados referentes ao desempenho da indústria do petróleo, gás natural e biocombustíveis e do sistema de abastecimento nacionais no período 2014-2023. Estão disponíveis para consulta e download as tabelas integrantes do Anuário 2024 representadas em metadados e no formato CSV.";"2 ciclo,Bacias Sedimentares,Biocombustíveis,Brent,Ciclo da Oferta Permanente,Concessão de Blocos,Dados Estratégicos,Etanol,GLP,GNL,Gás Natural,Mar,Oferta Permanente,PRH,Partilha de Produção,Por Ciclos,Produção de LGN,Pré- Sal,Regime de Partilha,Reservas provadas de petróleo,Resultado da Licitações,Resultado das Rodadas,Rodada de Licitações,Spot,Terra,Vendas de QAV,WTI,b100,derivados de petróleo,etanol anidro,etanol hidratado,gasolina A,por blocos,preços médios,produção de petróleo,querosene de aviação,querosene iluminante,regiões geográficas,óleo diesel";"264";"0";"786";"1"
"Agência Nacional do Petróleo, Gás Natural e Biocombustíveis - ANP";"Aquisição, Processamento e Estudo de Dados";"As atividades de aquisição, processamento e estudo de dados não exclusivos (adquiridos por Empresas de Aquisição de Dados - EADs) e de fomento (adquiridos por universidades, instituições de pesquisa ou empresas contratadas pela ANP) somente podem ser realizadas mediante autorização prévia da ANP, conforme a Resolução ANP nº 757/2018. Já o que for relacionado a dados exclusivos (adquiridos pelas concessionárias / operadoras) está dispensado de autorização. Atualmente, as autorizações outorgadas pela ANP têm vigência de cinco anos, não prorrogáveis, contados a partir da data de sua publicação no Diário Oficial da União. Anteriormente à Resolução ANP nº 757/2018 não havia prazo fixo ou restrição a prorrogações. Caso fosse consentida a prorrogação de uma autorização vigente, era publicado no Diário Oficial da União um ato denominado &quot;despacho&quot;, também aplicável em casos específicos como alteração dos limites da área objeto da autorização ou inclusão de novos tipos de tecnologia de aquisição, por exemplo.  O histórico de autorizações e despachos lista cada ato publicado desde 2004. Para as autorizações consta a empresa que recebeu a autorização, o tipo de tecnologia usada e a área alvo da aquisição. No caso dos despachos, consta o objetivo do despacho e a autorização relacionada.  Os dados brutos gerados em decorrência das aquisições, os dados processados e os dados e informações resultantes dos estudos devem ser entregues à ANP. Os dados técnicos recebidos pela Agência são submetidos a avaliação de conformidade segundo os padrões técnicos vigentes. Para cada dado avaliado, é emitido um Laudo de Avaliação dos Dados (LAD), que indica se o dado é conforme (aprovado) ou não conforme (reprovado).  O desempenho mensal das operadoras e EADs no tocante às avaliações de conformidade dos dados tem sido divulgado mensalmente no site da ANP. No momento, essa divulgação está limitada às avaliações de dados sísmicos e dados não sísmicos.";"Aquisição,Autorizações,Dados Estratégicos,Desempenho,Despachos,EADs,Estudo de Dados,Histórico,Mensal,Operadoras,Processamento";"113";"0";"315";"0"
"Agência Nacional do Petróleo, Gás Natural e Biocombustíveis - ANP";"Autorizações de gás natural";"As autorizações para Instalações de Transporte e/ou Movimentação de gás natural na ANP são regidas pelas seguintes regulamentações:  

- Portaria Nº 118 de 11 de julho de 2000 para as atividades de distribuição de gás natural liquefeito (GNL) a granel e de construção, ampliação e operação das centrais de distribuição de GNL;  

- Resolução ANP 41 de 05 de dezembro de 2007 para a atividade de Distribuição de Gás Natural Comprimido (GNC) a Granel, a realização de Projeto para Uso Próprio e de Projeto Estruturante;    

- Resolução ANP 52 de 02 de dezembro de 2015 para a construção, a ampliação e a operação de instalações de movimentação de produtos regulados pela ANP, onde está incluso o gás natural, inclusive liquefeito (GNL). A RANP 52/2015 abrange além de dutos e terminais, os sistemas indispensáveis à sua operação, tais como: estações de bombeamento, tanques de armazenagem, estações de compressão, pontos de entrega ou de recebimento de gás natural, estações de medição para fins operacionais ou de transferência de custódia, dentre outros.  

Veja abaixo a versão mais recente da listagem de Autorizações para Instalações de Transporte e/ou Movimentação de Gás Natural (arquivos em formato .xlsx e .csv).";"GLP,autorizações,construção,gás natural,instalações,operação";"2";"0";"135";"0"
"Agência Nacional do Petróleo, Gás Natural e Biocombustíveis - ANP";"Ações de Fiscalização do Abastecimento";"Compete à Superintendência de Fiscalização do Abastecimento (SFI), com apoio dos Núcleos Regionais de Fiscalização, planejar e executar as ações de fiscalização dos agentes que compõem o abastecimento nacional de combustíveis em todo o território nacional.
Com base nessa competência e com o intuito de dar maior transparência às suas ações, a SFI disponibiliza os resultados das ações de fiscalização do abastecimento. Tais dados serão atualizados mensalmente, com prazo de dois meses entre o mês da fiscalização e o mês da publicação, devido ao atendimento de exigências legais e aspectos operacionais.
Os agentes econômicos autuados possuem direito ao contraditório e à ampla defesa assegurado pela lei. Dessa forma, somente após o julgamento definitivo do processo administrativo sancionador, gerado a partir da ação de fiscalização, será comprovado se o estabelecimento cometeu, ou não, os atos infracionais indicados no arquivo.";"Ação de Fiscalização,Dados Estratégicos,ações,fiscalização";"2";"0";"90";"0"
"Agência Nacional do Petróleo, Gás Natural e Biocombustíveis - ANP";"Blocos com Fase Exploratória Encerrada";"Blocos com fase exploratória encerrada";"Dados Estratégicos,blocos devolvidos,exploração e produção,gás natural,petróleo";"2";"0";"22";"0"
"Agência Nacional do Petróleo, Gás Natural e Biocombustíveis - ANP";"Capacidade de Armazenagem de Terminais";"Os terminais são instalações voltadas à logística de movimentação e armazenamento dos produtos líquidos regulados pela ANP: petróleo, seus derivados e biocombustíveis. Essas instalações compõem a infraestrutura nacional de transporte e transferência desses produtos e são compostas por tanques, bombas, linhas e todos os equipamentos necessários para carga e descarga, visando principalmente a alteração de modo de transporte ou alteração do tamanho do lote de produto. Seu objetivo, na maioria dos casos, é prestar o serviço de movimentação e armazenagem para outras empresas que compõem a indústria do petróleo e dos biocombustíveis.
A operação e a construção de terminais para movimentação de petróleo, seus derivados, gás natural, inclusive liquefeito (GNL), biocombustíveis e demais produtos regulados pela ANP, ocorrem mediante autorização da ANP, conforme a Resolução ANP nº 52, de 2 de dezembro de 2015.
Veja abaixo a relação de terminais de autorizados a operação pela ANP (exceto terminais de GNL), e sua respectiva capacidade de armazenamento. Os dados incluem o número de tanques, o tipo (se fluvial, lacustre, marítimo ou terrestre), a empresa que opera, o estado e o município do terminal, bem como divide a capacidade de armazenamento pelo grupo de produtos (se petróleo, GLP, ou derivados e biocombustíveis) (arquivos em formato .xlsx e .csv).";"Dados Estratégicos,capacidade,combustíveis líquidos,petróleo,terminais";"2";"0";"136";"0"
"Agência Nacional do Petróleo, Gás Natural e Biocombustíveis - ANP";"Comercialização de Gás Natural";"O conjunto dos dados abertos de comercialização de gás natural são constituídos de 2 arquivos:

Vendas às distribuidoras ou consumidores livres: São as vendas de gás natural para as companhias locais de distribuição de gás natural ou consumidores livres que tenham autorização dos estados para comprar diretamente o gás natural dos agentes vendedores. Os dados contém as informações de preços médios ponderados pelos volumes comercializados, bem como os próprios volumes comercializados, e são divulgados mensalmente. Os dados são agregados por regiões brasileiras de acordo com a necessidade de preservação do sigilo comercial dos agentes.

Vendas entre produtores: São as vendas de gás natural entre produtores de gás natural. Os dados contém as informações de preços médios ponderados pelos volumes comercializados, bem como os próprios volumes comercializados, e são divulgados mensalmente. Os dados são agregados por bacias sedimentares brasileiras de acordo com a necessidade de preservação do sigilo comercial dos agentes.";"Comercialização,Comercialização de Gás Natural,Consumidores,Dados Estratégicos,Distribuidoras,Gás Natural,Produtores,Vendas entre produtores,Vendas às distribuidoras ou consumidores livres";"3";"0";"510";"1"
"Agência Nacional do Petróleo, Gás Natural e Biocombustíveis - ANP";"Dados Cadastrais das Revendas de Gás Liquefeito de Petróleo (GLP)";"Considerando que compete à ANP regular as atividades relativas ao abastecimento nacional de combustíveis, definido na Lei nº 9.847/1999, de 26 de outubro de 1999. A SDL (Superintendência de Distribuição e Logística) disponibiliza os metadados referentes aos revendedores de gás liquefeito de petróleo (GLP).";"Dados Estratégicos,GLP,Revendas,dados cadastrais,gás liquefeito de petróleo";"2";"0";"401";"0"
"Agência Nacional do Petróleo, Gás Natural e Biocombustíveis - ANP";"Dados Cadastrais dos Revendedores Varejistas de Combustíveis Automotivos";"Considerando que compete à ANP regular as atividades relativas ao abastecimento nacional de combustíveis, definido na Lei nº 9.847/1999, de 26 de outubro de 1999. A SDL (Superintendência de Distribuição e Logística) disponibiliza os metadados referentes aos revendedores varejistas de combustíveis automotivos que estão em operação.";"Dados Cadastrais,Dados Estratégicos,Postos de Combustíveis,Revenda Varejista,Revendedores";"2";"0";"1017";"3"
"Agência Nacional do Petróleo, Gás Natural e Biocombustíveis - ANP";"Dados Consolidados de Movimentação de Gás Natural em Gasodutos de Transporte";"O conjunto dos dados abertos de
movimentação de gás natural em
gasodutos de transporte enviados pelos
Transportadores, com previsão de
publicação e disseminação na Web
estabelecida no § 2º, Art. 1º, da
Resolução ANP nº 40, de 09/09/2016.";"Dados Estratégicos,Gasodutos,Gás Natural,Movimentação,Transporte";"51";"0";"391";"1"
"Agência Nacional do Petróleo, Gás Natural e Biocombustíveis - ANP";"Dados Georreferenciados das Bacias Sedimentares Brasileiras";"O GeoANP  é uma ferramenta interativa que reúne informações do segmento de exploração e produção, exibidos num mapa interativo de dados georreferenciados (geoespaciais).  Estão disponíveis informações relacionadas aos dados técnicos e levantamentos das bacias sedimentares brasileiras, como por exemplo poços perfurados, dados sísmicos e blocos licitados nas rodadas. É possível a exportação dessas informações por meio de arquivos shapefile.  O shapefile é um formato aberto de arquivo contendo dados geoespaciais em forma vetorial, representando pontos, linhas e polígonos; usado por Sistemas de Informações Geográficas (SIG).  Alguns dos shapefiles obtidos no GeoANP também são disponibilizados diretamente no site da ANP, para agilizar o acesso pelos entes externos. Esses shapefiles podem ser baixados nos links a seguir.";"Blocos,Blocos Exploratórios Sob Concessão,Blocos da Rodada 17,Campos,Campos de Produção,Concessão,Dados Estratégicos,Geoquímicos,Levantamento,Levantamentos Geoquímicos,Levantamentos Não Sísmicos,Não Sísmicos,Produção,Rodada 17,Shapefile";"12";"0";"264";"1"
"Agência Nacional do Petróleo, Gás Natural e Biocombustíveis - ANP";"Dados de Incidentes de Exploração e Produção de Petróleo e Gás Natural";"Nessa seção são divulgados os dados de incidentes ocorridos nas atividades de Exploração e Produção.

De acordo com os procedimentos estabelecidos na Resolução ANP nº 882/2022, a ANP recebe a Comunicação Inicial (CI) relativa aos incidentes por meio do Sistema Integrado de Segurança Operacional, módulo de Incidentes (SISO-Incidentes). As comunicações são realizadas de acordo com o Manual de Comunicação de Incidentes e suas informações integram uma base de dados de incidentes nas atividades de E&P.

Os dados são divulgados nos termos da Lei nº 12.527 de 18 de novembro de 2011 (“Lei de Acesso à Informação – LAI”) e do decreto que a regulamentou (Decreto nº 7.724/2012), garantindo a aplicação do disposto no art. 5º, § 2º e do Art. 55 do Decreto nº 7.724/2012. Ou seja: sua divulgação não configura vantagem competitiva a outros agentes econômicos e não são divulgadas informações pessoais relativas à intimidade, vida privada, honra e imagem.

Dessa forma, são divulgados dados de incidentes sem informações pessoais, ocorridos há 2 (dois) anos da data de publicação, vez que as vantagens competitivas não se configuram quando se trata de dados históricos, e exclui-se também o risco de comprometer o sigilo das atividades de fiscalização, que costumam ser orientadas a partir de dados recentes.";"Dados Estratégicos,Feridos,Incidentes,Segurança,Segurança Operacional,Tipos";"6";"0";"817";"0"
"Agência Nacional do Petróleo, Gás Natural e Biocombustíveis - ANP";"Distribuidores de Combustíveis Líquidos";"Considerando que compete à ANP regular as atividades relativas ao abastecimento nacional de combustíveis, definido na Lei nº 9.847/1999, de 26 de outubro de 1999. A SDL (Superintendência de Distribuição e Logística) disponibiliza os metadados abaixo, a saber: Empresa inutilizadora de botijão de GLP: empresa cadastrada para execução do serviço de inutilização de botijões, nos termos da Norma Técnica NBR 8866, da ABNT; Cessão de Espaço: Contrato homologado entre a cedente (base de combustíveis ou liquefeitos, refinaria, terminal ou produtora de etanol) e cessionária (distribuidor de combustíveis líquidos, aviação, GLP ou TRR), ajustando o uso temporário de espaço de tancagem cedido; Carregamento Rodoviário: Contrato identificando o ponto de entrega direta de combustíveis líquidos automotivos e GLP, em instalações do produtor ou terminal para carregamento em caminhões-tanque de responsabilidade do distribuidor; Distribuidor de Combustíveis Líquidos: Pessoa jurídica autorizada pela ANP ao exercício da atividade de distribuição de combustíveis líquidos. Informações relativas a distribuidores: Distribuidores Autorizados ao Exercício da Atividade, Contratos de cessão de espaço ou carregamento homologados e Agentes Inutilizadores cadastrados";"Contratos,Dados Estratégicos,GLP,P13,agentes econômicos,autorizações,cessão de espaço,distribuidores";"6";"0";"409";"0"
"Agência Nacional do Petróleo, Gás Natural e Biocombustíveis - ANP";"Fase de Desenvolvimento e Produção";"A Fase de Produção é o período contratual em que devem ocorrer o Desenvolvimento e a Produção. A fase de produção de cada área de desenvolvimento terá início na data da apresentação da Declaração de Comercialidade (DC) e duração a depender do regime do contrato.";"Dados Estratégicos,gás natural,petróleo,produçao";"135";"0";"2654";"2"
"Agência Nacional do Petróleo, Gás Natural e Biocombustíveis - ANP";"Fase de Exploração";"Painel Dinâmico da Fase de Exploração
Informações sobre os Blocos sob Contrato; Poços Exploratórios; Planos de Avaliação de Descobertas em Andamento; Planos de Avaliação de Descobertas Concluídos – PADs concluídos, apresentando, dentre outras informações, o ano de término efetivo dos planos;  e Declarações de Comercialidade.

Prorrogação de Prazos da Fase de Exploração
Informações sobre os contratos de exploração e produção de petróleo e gás natural (E&P) na fase de exploração para os quais houve prorrogação mediante as Resoluções abaixo:

Processos Sancionadores
Dados gerais referente à situação dos processos sancionadores de exploração de petróleo e gás natural";"ANP,Blocos,Comercialidade,Concluídos,Contratos,Dados Estratégicos,Declarações,Exploração,Fase,PADs,Painel Dinâmico,Poços Exploratórios,Processos Sancionadores,andamento,resolução";"243";"0";"546";"2"
"Agência Nacional do Petróleo, Gás Natural e Biocombustíveis - ANP";"Fiscalização de Conteúdo Local";"Controle dos processos de fiscalização do cumprimento das obrigações de conteúdo local dos contratos de E&amp";"Dados Estratégicos,conteúdo local,fiscalização";"14";"0";"58";"1"
"Agência Nacional do Petróleo, Gás Natural e Biocombustíveis - ANP";"Gestão de Contratos de Exploração e Produção – Dados de E&P";"Os contratos para exploração e produção, via de regra, são constituídos por duas fases: exploração e produção. A fase de exploração precede a fase de produção e tem por objetivo descobrir e avaliar jazidas de petróleo e/ou gás natural.

O contrato estabelece um prazo, usualmente dividido em períodos exploratórios, durante o qual o concessionário ou contratado deve desenvolver atividades exploratórias de geologia e geofísica, visando ao maior conhecimento das bacias sedimentares brasileiras, em especial do bloco adquirido.

As atividades exploratórias envolvem a aquisição de dados sísmicos, gravimétricos, magnetométricos, geoquímicos, perfuração e avaliação de poços, dentre outras, devendo obrigatoriamente contemplar o cumprimento do Programa Exploratório Mínimo (PEM) acordado com a ANP.

Também é nessa fase que o concessionário ou contratado realiza as avaliações de descobertas e, caso conclua pela viabilidade econômica da descoberta, declara a comercialidade das áreas. Ainda na fase de exploração, caso não haja interesse econômico, o concessionário ou contratado realiza a devolução das áreas para a União.

Nessa seção encontram-se os dados de poços exploratórios em atividade e concluídos, lista de concessões, consulta de área de blocos, poços com indícios de hidrocarbonetos e as declarações de comercialidade.";"Dados Estratégicos,gás natural,petróleo,poços";"16";"0";"165";"0"
"Agência Nacional do Petróleo, Gás Natural e Biocombustíveis - ANP";"Importações e exportações";"As informações disponíveis são importações exportações de petróleo; importações de gás natural; importações e exportações de derivados petróleo; e importações e exportações de etanol. Os dados são atualizados mensalmente até o último dia do mês subsequente ao mês de referência.";"Dados Estratégicos,derivados de petróleo,etanol,etanol anidro,etanol hidratado,exportação de petróleo,gás natural,importação,importação de petróleo,importações,petróleo";"8";"0";"1116";"4"
"Agência Nacional do Petróleo, Gás Natural e Biocombustíveis - ANP";"Movimentação de derivados de petróleo e biocombustíveis";"Asfaltos - Divulga a movimentação de asfaltos pelos agentes regulados, conforme Resolução ANP nº 729/2018, com a garantia da proteção das informações declaradas pelos agentes, conforme previsto no art. 3º da referida Resolução.

Combustíveis de aviação - Divulga a movimentação de combustíveis de aviação (Gasolina e querosene de aviação) pelos agentes regulados, conforme Resolução ANP nº 729/2018, com a garantia da proteção das informações declaradas pelos agentes, conforme previsto no art. 3º da referida Resolução.

Combustíveis líquidos - Divulga a movimentação de combustíveis líquidos (exceto combustíveis de aviação) pelos agentes regulados, conforme Resolução ANP nº 729/2018, com a garantia da proteção das informações declaradas pelos agentes, conforme previsto no art. 3º da referida Resolução.

GLP (Gás Liquefeito de Petróleo) - Divulga a movimentação de gás liquefeito de petróleo (GLP) pelos agentes regulados, conforme Resolução ANP nº 729/2018, com a garantia da proteção das informações declaradas pelos agentes, conforme previsto no art. 3º da referida Resolução.

Lubrificantes - Divulga a movimentação de lubrificantes pelos agentes regulados, conforme Resolução ANP nº 729/2018, com a garantia da proteção das informações declaradas pelos agentes, conforme previsto no art. 3º da referida Resolução.

Solventes - Divulga a movimentação de solventes pelos agentes regulados, conforme Resolução ANP nº 729/2018, com a garantia da proteção das informações declaradas pelos agentes, conforme previsto no art. 3º da referida Resolução.

Transportador Revendedor Retalhista (TRR) - Divulga a movimentação de derivados pelos transportadores revendedores retalhistas (TRR), conforme Resolução ANP nº 729/2018, com a garantia da proteção das informações declaradas pelos agentes, conforme previsto no art. 3º da referida Resolução.


";"Agente Regulado,Dados Estratégicos,GLP,Lubrificantes,Produto,Região Destinatário,Solventes,TRR,asfalto,atual,aviação,combustivel de aviação,combustivel liquido,formecedor,historico,vendas";"20";"0";"909";"0"
"Agência Nacional do Petróleo, Gás Natural e Biocombustíveis - ANP";"Movimentação dos Terminais Aquaviários";"A Resolução ANP nº 881/2022 estabelece critérios para o uso dos terminais aquaviários existentes, ou a serem construídos, para movimentação de petróleo, de derivados de petróleo, de derivados de gás natural e de biocombustíveis. Dentre as obrigações do operador de terminal aquaviário está a publicação mensal, em seu site, de dados sobre a movimentação de produtos regulados pela ANP em sua instalação, conforme modelo definido pela ANP. 

A ANP compila mensalmente esses dados e os publica no formato de dados abertos e no Painel Dinâmico de Aplicação da Resolução ANP nº 881/2022. O painel disponibiliza diversos dados públicos sobre os terminais aquaviários autorizados a operar pela ANP. 

A série histórica inicia em 2022-09, primeiro de referência com obrigação de publicidade no formato padronizado pela ANP, a partir da entrada em vigor da Resolução ANP nº 881/2022.";"Aquaviários,Dados Estratégicos,Movimentações,Terminais,Terminais Aquaviário";"2";"0";"107";"0"
"Agência Nacional do Petróleo, Gás Natural e Biocombustíveis - ANP";"Multas aplicadas - vencimento a partir de 2016";"A ANP disponibiliza abaixo a relação de multas aplicadas com vencimento a partir de 2016.
Cabe ressaltar que a ANP apenas aplica as multas e que toda a receita delas decorrente é recolhida diretamente ao Tesouro Nacional. O agente econômico autuado pela ANP tem assegurado o direito à ampla defesa e ao contraditório em todo trâmite processual.";"Dados Estratégicos,autuações,multas";"7";"0";"163";"1"
"Agência Nacional do Petróleo, Gás Natural e Biocombustíveis - ANP";"PMQC - Programa de Monitoramento da Qualidade dos Combustíveis";"Levantamento dos indicadores gerais da qualidade dos combustíveis comercializados no País e a identificação de focos de não conformidade, visando à simetria de informações e a orientar e aperfeiçoar a atuação da área de fiscalização.

";"Dados Estratégicos,biocombustíveis,controle de qualidade,diesel,etanol,gasolina";"200";"0";"629";"1"
"Agência Nacional do Petróleo, Gás Natural e Biocombustíveis - ANP";"Painel Dinâmico de Processamento de petróleo e produção de derivados";"A ANP propicia uma nova forma interativa de visualização dos dados de produção de combustíveis e derivados de petróleo oriundos das declarações dos agentes via Sistema de Informações de Movimentação de Produtos (Simp).
Informações temporais relativas ao processamento de petróleo e fator de utilização efetiva, participação das refinarias no processamento de petróleo, produção e operações de derivados nas refinarias, bem como produção de combustíveis em centrais petroquímicas e formuladores podem ser obtidas a partir do uso dessa ferramenta.";"CPQ,Combustível,Dados Estratégicos,Derivado,Formuladores,Petroquímica,Petróleo,Processamento,Produção,Refinarias,Refino,Tancagem,Tanques de Petróleo";"10";"0";"304";"1"
"Agência Nacional do Petróleo, Gás Natural e Biocombustíveis - ANP";"Painel de Produtores de Derivados: Vendas de derivados de petróleo e biocombustíveis";"São apresentados os dados referentes à quantidade de biodiesel vendido entre a UF de origem e a UF de destino informados pelos produtores de
biodiesel cadastrados na Agência Nacional do Petróleo, Gás Natural e Biocombustíveis/ANP.";"Combustíveis,Movimentação,Vendas,biocombustíveis,biodiesel";"2";"0";"308";"0"
"Agência Nacional do Petróleo, Gás Natural e Biocombustíveis - ANP";"Painéis de Produção de Etanol e de Biodiesel";"A ANP propicia uma nova forma interativa de visualização dos dados de produção de etanol e biodiesel oriundos das declarações dos agentes via Sistema de Informações de Movimentação de Produtos (Simp).

Informações temporais relativas à produção regional, matéria-prima e tancagem de etanol e biodiesel podem ser obtidas a partir dos dados disponibilizados nesta página ou nos painéis dinâmicos do site da ANP.";"Biocombustíveis,Biodiesel,Capacidade,Combustíveis,Dados Estratégicos,Etanol,Matéria-Prima,Processamento,Produção,Tancagem,Tanque de Biodiesel,Tanque de Etanol";"16";"0";"922";"1"
"Agência Nacional do Petróleo, Gás Natural e Biocombustíveis - ANP";"Participações Governamentais";"Dados consolidados pela Agência Nacional do Petróleo, Gás Natural e Biocombustíveis/ANP sobre as unidades de pesquisa credenciadas para a execução de projetos com recursos provenientes da cláusula de PD&";"Dados Estratégicos,Gás Natural,Participação Especial,Petróleo,Preço de Referencia do Petróleo,Royalties";"84";"0";"505";"0"
"Agência Nacional do Petróleo, Gás Natural e Biocombustíveis - ANP";"Pesquisa e Desenvolvimento e Inovação (PD&I)";"A Lei nº 9.478, de 06/08/1997, estabeleceu para a Agência Nacional do Petróleo, Gás Natural e Biocombustíveis (ANP), dentre outras, a atribuição de estimular a pesquisa e a adoção de novas tecnologias para o setor. Diante disso, os contratos celebrados entre a Agência e as Empresas Petrolíferas para exploração, desenvolvimento e produção de petróleo e gás natural dispõem, desde a Rodada Zero, de cláusulas de Pesquisa, Desenvolvimento e Inovação (Cláusula de PD&amp;I) que estabelecem a obrigação de realização de despesas qualificadas como PD&amp;I pelas Empresas Petrolíferas.
A cláusula de PD&amp;I estabelece a aplicação de percentual da receita bruta da produção, segundo condições específicas de cada modalidade de contrato. A ANP é responsável pela análise, aprovação, acompanhamento e fiscalização da aplicação dos recursos oriundos da cláusula de PD&amp;I.";"Dados Estratégicos,Desenvolvimento,Desenvolvimento e Inovação,Inovação,Investimento em Pesquisa,Investimentos,PDI,Pesquisa Credenciadas,Pesquisa e Desenvolvimento,Pesquisa e Desenvolvimento e Inovação,Programa de Recursos Humanos,Projetos de Pesquisa,Unidade de Pesquisa,empresas petrolíferas";"10";"0";"467";"3"
"Agência Nacional do Petróleo, Gás Natural e Biocombustíveis - ANP";"Pontos de Abastecimento Autorizados";"Considerando que compete à ANP regular as atividades relativas ao abastecimento nacional de combustíveis, definido na Lei nº 9.847/1999, de 26 de outubro de 1999. A SDL (Superintendência de Distribuição e Logística) disponibiliza os metadados referentes aos Pontos de Abastecimento que estão em operação, conforme Resolução ANP nº 12/2007.";"Abastecimento Autorizados,Autorizados,Dados Estratégicos,Pontos,Pontos de Abastecimento";"2";"0";"292";"0"
"Agência Nacional do Petróleo, Gás Natural e Biocombustíveis - ANP";"Prestadores de serviços de apoio administrativo";"Prestadores de serviços de apoio administrativo da ANP:  Os dados disponibilizados trata-se da relação de prestadores de serviços terceirizados ocupantes dos postos de serviços objeto dos contratos de prestação de serviços de apoio administrativo no Escritório Central do Rio de Janeiro/RJ e do Escritório Sede em Brasília/DF.";"Dados Estratégicos,Prestadores de serviços,apoio administrativo";"2";"0";"32";"0"
"Agência Nacional do Petróleo, Gás Natural e Biocombustíveis - ANP";"Previsão de Investimentos Exploratórios";"Os contratos para exploração e produção, via de regra, são constituídos por duas fases: exploração e produção. A fase de exploração precede a fase de produção e tem por objetivo descobrir e avaliar jazidas de petróleo e/ou gás natural.

O contrato estabelece um prazo durante o qual o concessionário ou contratado deve desenvolver atividades exploratórias de geologia e geofísica, visando ao maior conhecimento das bacias sedimentares brasileiras, em especial do bloco adquirido.

As atividades exploratórias envolvem a aquisição de dados sísmicos, gravimétricos, magnetométricos, geoquímicos, perfuração e avaliação de poços, dentre outras, devendo obrigatoriamente contemplar o cumprimento do Programa Exploratório Mínimo (PEM) acordado com a ANP.

Nessa consulta encontram-se os dados de quantidade de atividade e investimentos previstos na fase de exploração para o ano corrente relacionados as atividades de poço exploratório, sísmica 2D e sísmica 3D. As quantidades são indicadas junto a unidade da atividade, o investimento é indicado em valor de moeda Real. A consulta permite a visualização total ou classificada por ambiente: terra ou mar.";"Dados Estratégicos,Exploração,exploratório,investimento,petróleo,poços,sísmica,óleo e gás";"2";"0";"78";"1"
"Agência Nacional do Petróleo, Gás Natural e Biocombustíveis - ANP";"Processamento de petróleo e produção de derivados";"As informações disponíveis são processamento de petróleo; produção de derivados por refinaria; produção de gás combustível por refinaria; produção de derivados por central petroquímica; produção de derivados de xisto; e produção de derivados por outros produtores. Os dados são atualizados mensalmente até o último dia do mês subsequente ao mês de referência.";"Dados Estratégicos,Processamento de petróleo,Produção de derivados de xisto,Produção de derivados por central petroquímica,Produção de derivados por outros produtores,Produção de derivados por refinaria,Produção de gás combustível por refinaria,derivados de petróleo,produção";"12";"0";"693";"0"
"Agência Nacional do Petróleo, Gás Natural e Biocombustíveis - ANP";"Produção de Biocombustíveis";"As informações disponíveis no sítio da Agência Nacional do Petróleo, Gás Natural e Biocombustíveis são produção de biodiesel; e produção de etanol. Os dados são atualizados mensalmente até o último dia do mês subsequente ao mês de referência.";"Dados Estratégicos,biocombustíveis,etanol,produção";"5";"0";"622";"2"
"Agência Nacional do Petróleo, Gás Natural e Biocombustíveis - ANP";"Produção de Petróleo e Gás Natural por Poço";"Os dados da produção mensal de petróleo e gás natural por poço têm sido publicados no site da ANP desde 2010, quando os primeiros dados foram divulgados junto com o histórico do quinquênio anterior (2005-2009).Além dos volumes de produção de petróleo (em bbl/dia) e gás natural (em Mm³/dia) em cada poço, também constam informações sobre localização (campo, bacia, estado), titularidade (operador, nº contrato), período de referência (mês e ano), grau API, fração de destilados, percentuais de hidrocarbonetos, dentre outras. Mensalmente são publicados três arquivos, com as listagens dos poços conforme a localização: terra, mar, pré-sal (neste último caso se trata dum subconjunto dos dados de produção em mar, contendo apenas os poços no polígono do pré-sal).Os dados não são divulgados no mês imediatamente posterior ao da produção mas no mês subsequente ao posterior. Ou seja, há um lapso de dois meses. Eis os passos para a liberação dos dados:Na primeira quinzena do mês posterior ao da produção, as operadoras enviam à ANP os BMPs (Boletins Mensais de Produção) de seus poços. Na segunda quinzena do mesmo mês, os dados dos BMPs recebidos são conferidos e validados pela ANP.
Finalmente, no mês subsequente os dados de produção são publicados. Exemplo: os dados da produção por poço no mês de janeiro só são divulgados em março, após serem recebidos, conferidos e validados pela ANP em fevereiro.";"Dados Estratégicos,Gás Natural,Mar,Petróleo,Polígono do Pré - Sal,Poço,Produção,Pré- Sal,Terra";"52";"0";"2134";"3"
"Agência Nacional do Petróleo, Gás Natural e Biocombustíveis - ANP";"Produção de petróleo e gás natural por estado e localização";"As informações disponíveis são produção de petróleo; produção de LGN; produção de gás natural; reinjeção de gás natural; queima e perdas de gás natural; consumo próprio de gás natural; e gás natural disponível. Os dados são atualizados mensalmente até o último dia do mês subsequente ao mês de referência.";"Dados Estratégicos,LGN,gás natural,petróleo,produção";"14";"0";"1958";"4"
"Agência Nacional do Petróleo, Gás Natural e Biocombustíveis - ANP";"Relação de Concessionários";"Relação de Concessionários - A relação dos concessionários consolida informações dos contratos ativos na ANP. Estes contratos estão organizados por rodada de licitação. É possível visualizar a fase em que se encontra cada contrato, as empresas signatárias e suas respectivas participações.
Relação de Concessionários - país de origem - Fazendo parte do conjunto, a relação dos concessionários consolida informações dos contratos ativos na ANP. Estes contratos estão organizados por rodada de licitação. É possível visualizar também os países de origem dos concessionários.";"Dados Estratégicos,concessionários,rodadas de licitações";"4";"0";"89";"1"
"Agência Nacional do Petróleo, Gás Natural e Biocombustíveis - ANP";"Resultado de poço";"O resultado de poço é o conjunto de atributos a partir dos quais podem simplificadamente se inferir conclusões gerais sobre as condições geológicas do prospecto perfurado por aquele poço, conforme Resolução ANP n° 699/2017.";"Dados Estratégicos,Poço,Resultado,Resultado de Poço";"2";"0";"172";"0"
"Agência Nacional do Petróleo, Gás Natural e Biocombustíveis - ANP";"Rodadas de Licitações de Petróleo e Gás Natural";"As Rodadas de Licitações são leilões por meio dos quais a União concede o direito de explorar e produzir petróleo e gás natural no Brasil. Mais informações sobre as rodadas podem ser obtidas no site das Rodadas da ANP.
Apresentamos a lista de blocos ofertados e de ofertas vencedoras na 9ª a 15ª Rodada de Licitações de Blocos sob o regime de concessão, bem como o histórico de processos de Cessão de Contratos, de 2001 a 2017.";"Dados Estratégicos,bid,gás natural,leilão,licitação,petróleo";"6";"0";"65";"0"
"Agência Nacional do Petróleo, Gás Natural e Biocombustíveis - ANP";"Série Histórica de Preços de Combustíveis e de GLP";"Em cumprimento às determinações da Lei do Petróleo (Lei nº 9478/1997, artigo 8º), a ANP acompanha os preços praticados por revendedores de combustíveis automotivos e de gás liquefeito de petróleo envasilhado em botijões de 13 quilos (GLP P13), por meio de uma pesquisa semanal de preços realizada por empresa contratada. 

Veja abaixo os resultados das pesquisas que compõem a Série Histórica de Preços de Combustíveis (arquivos em formato .csv).";"Causas ganhas,Dados Estratégicos,biocombustíveis,comercialização,preços";"205";"0";"61673";"80"
"Agência Nacional do Petróleo, Gás Natural e Biocombustíveis - ANP";"Tancagem do Abastecimento Nacional de Combustíveis";"A ANP propicia uma nova forma interativa de visualização de informações (a partir da ferramenta Power BI) no Painel Dinâmico sobre capacidade de tancagem (armazenamento) dos agentes regulados. São dados concretos, seguros e atualizados; capazes de subsidiar os tomadores de decisão em suas deliberações.";"Dados Estratégicos,GLP,Instalação,Tancagem,Tanque,armazenamento,combustíveis,derivados de petróleo,grupo de produtos,instalação,localização,petróleo,segmento,tancagem,tanque";"28";"0";"297";"1"
"Agência Nacional do Petróleo, Gás Natural e Biocombustíveis - ANP";"Vendas de derivados de petróleo e biocombustíveis";"As informações disponíveis são vendas de derivados de petróleo e etanol; vendas de combustíveis por segmento; vendas de combustíveis por tipo; vendas anuais de etanol hidratado e derivados de petróleo por município; e vendas anuais de etanol hidratado e derivados de petróleo por estado. Os dados são atualizados mensalmente até o último dia do mês subsequente ao mês de referência.";"Dados Estratégicos,GLP,asfalto,derivados de petróleo,etanol,etanol hidratado,gasolina c,gasolina de aviação,municipios,oleo combustivel,oleo diesel,querosene de aviação,querosene iluminante,vendas";"44";"0";"4158";"5"
